depth_mMDRF,dipazimuth_deg,dip_deg,type
1224.5599439999999,174.87238000000002,78.54814,Cond_FTCC
1224.830215,171.09971000000002,71.07558,Cond_FTCC
1225.193391,170.17669999999998,70.4837,Cond_FTCC
1225.535453,168.36274,69.1991,Cond_FTCC
1226.063326,174.29375,72.06275,Cond_FTCC
1226.7052199999998,177.07101,70.20312,Cond_FTCC
1226.974736,257.0502,79.10287,Cond_FTS
1227.2671460000001,256.0982,66.15125,Cond_FTS
1227.8291880000002,208.9007,70.01725,Cond_FTS
1228.018563,235.1198,60.7138,Cond_FTS
1228.690604,214.2224,72.84662,Cond_FTS
1229.724653,193.45940000000002,84.51151999999999,Cond_FTCC
1230.442146,287.7813,74.84151999999999,Cond_FTS
1230.805842,125.58903000000001,62.93476999999999,Cond_PTCC
1231.6010210000002,267.64340000000004,75.40635999999999,Cond_FTS
1231.836145,84.346206,86.25022,Cond_FTS
1231.8709509999999,170.6816,73.55026,Cond_PTCC
1232.5058960000001,439.6295,86.63673,Cond_FTS
1232.714525,263.97180000000003,88.44891,Cond_FTS
1233.1579390000002,242.921,86.37982,Cond_FTS
1233.215583,426.1761,41.757290000000005,Cond_PTCC
1233.606688,260.5358,85.34541,Cond_FTS
1234.098813,80.9035042,86.70833,Cond_FTS
1234.507183,87.709983,40.88619,Cond_PTCC
1234.7189369999999,267.5958,86.85824000000001,Cond_FTCC
1235.358113,224.1201,64.52386,Cond_FTCC
1236.078896,273.66589999999997,60.68151999999999,Cond_FTCC
1236.536326,278.8465,67.93204,Cond_FTCC
1236.7263599999999,269.9663,73.41196,Cond_FTCC
1237.135989,274.2131,67.15629,Cond_FTCC
1237.186665,275.9353,66.94442,Cond_FTCC
1237.6971460000002,236.5013,66.02215,Cond_FTS
1238.141059,286.4364,68.39277,Cond_FTCC
1238.845438,270.41319999999996,84.67995,Cond_FTS
1239.285646,272.2326,88.7859,Cond_FTS
1239.985146,229.6844,84.56655,Cond_FTS
1240.6037529999999,247.7085,74.93225,Cond_FTS
1240.84024,253.0506,78.43594,Cond_FTS
1241.1316259999999,255.8925,81.84581999999999,Cond_FTS
1241.410343,273.5854,84.22662,Cond_FTS
1241.575039,268.0919,79.1301,Cond_FTS
1243.901213,299.547,56.56289,Cond_FTCC
1244.897837,273.7654,78.76789000000001,Cond_FTCC
1245.269459,274.6689,73.48631999999999,Cond_FTCC
1245.495354,366.0039,88.53761,Cond_FTCC
1246.316759,249.415,76.32630999999999,Cond_FTCC
1246.654598,240.9493,79.13905,Cond_FTS
1247.5519789999998,191.949,77.40508,Cond_FTS
1249.6796570000001,177.78204,82.78123000000001,Cond_FTCC
1249.823944,187.7533,79.17459000000001,Cond_FTCC
1250.712885,286.7113,66.42884000000001,Cond_FTS
1251.203271,237.6147,49.08821,Cond_FTCC
1251.6608099999999,184.3364,88.02113,Cond_FTCC
1252.178261,261.4598,76.15685,Cond_FTCC
1252.8331039999998,218.3952,71.19870999999999,Cond_FTCC
1253.337467,181.6076,85.34957,Cond_FTCC
1253.8543960000002,213.5792,77.92557,Cond_FTCC
1254.429188,255.2175,89.34553000000001,Cond_FTS
1254.6985300000001,283.48,79.37856,Cond_FTS
1255.0218539999998,293.7501,78.62109,Cond_FTS
1255.3076039999999,285.9561,77.82109,Cond_FTS
1256.789759,272.7996,80.44528000000001,Cond_FTS
1257.3007400000001,269.29380000000003,82.30078,Cond_FTS
1257.9553019999998,279.9406,81.66605,Cond_FTS
1258.837906,260.8374,68.14871,Cond_FTS
1259.7289560000002,184.584,71.5844,Cond_FTS
1260.510101,180.83530000000002,73.48572,Cond_FTS
1261.677657,186.8015,67.99265,Cond_FTS
1262.3997869999998,398.1881,15.961070000000001,Cond_FTCC
1262.7502949999998,178.49135,59.580740000000006,Cond_FTCC
1262.754518,265.09590000000003,89.65156,Cond_FTCC
1263.1683699999999,269.18010000000004,81.44845,Cond_FTCC
1263.396411,254.1229,60.77621,Cond_FTCC
1263.438641,155.78072,40.48652,Cond_FTCC
1263.573777,282.42150000000004,57.95478000000001,Cond_FTCC
1263.679351,246.1575,52.432030000000005,Cond_FTCC
1263.83996,149.16795000000002,40.862109999999994,Cond_FTCC
1264.038305,163.78379,57.39037,Cond_FTCC
1264.4186650000001,244.5632,81.26154,Cond_FTS
1264.8930990000001,420.3386,79.78059,Cond_FTS
1274.513154,339.8049,74.00777,Cond_FTS
1364.228576,234.2167,88.02274,Cond_FTS
1365.909324,228.6248,74.89025,Cond_FTS
1367.902572,208.0096,67.7934,Cond_FTS
1369.220143,212.4509,67.06264,Cond_FTS
1378.789424,210.63,86.02615,Cond_FTS
1380.570338,223.5679,46.75077,Cond_FTS
1391.652633,206.97750000000002,83.18692,Cond_FTS
1392.243851,222.9402,78.95456,Cond_FTS
1392.902636,211.317,62.853559999999995,Cond_FTS
1394.608721,218.7915,62.757169999999995,Cond_FTS
1396.0445359999999,224.6968,68.5037,Cond_FTS
1397.5056880000002,234.8979,65.08707,Cond_FTS
1398.5023130000002,228.5752,70.52991,Cond_FTS
1400.343533,216.7107,72.59391,Cond_FTS
1403.404383,186.0522,74.45097,Cond_FTS
1410.290707,233.8053,79.82733,Cond_FTS
1413.940844,319.0783,48.37628,Cond_FTS
1419.731302,215.4751,65.30311999999999,Cond_FTS
1429.242172,391.4005,88.03643000000001,Cond_FTS
1432.992182,244.6944,77.97856999999999,Cond_FTS
1436.691516,209.3391,80.27599000000001,Cond_FTS
1437.350301,241.2009,88.46297,Cond_FTS
1441.14301,319.35839999999996,71.81947,Cond_FTS
1443.879034,398.5458,80.90874000000001,Cond_FTS
1445.9145130000002,253.4663,76.68760999999999,Cond_FTS
1447.781071,267.47069999999997,77.49416,Cond_FTS
1454.882028,209.0127,75.52229,Cond_FTS
1473.034515,410.4596,87.47324,Cond_FTS
1476.716956,236.3201,85.46370999999999,Cond_FTS
1479.855438,249.7107,61.3081,Cond_FTS
1480.9561039999999,248.7104,57.20114,Cond_FTS
1481.953456,232.3384,78.09679,Cond_FTS
1485.162924,267.83389999999997,72.32146,Cond_FTS
1487.8909720000001,220.6434,71.37442,Cond_FTS
1488.7102300000001,247.2298,86.8856,Cond_FTS
1490.3487480000001,201.33159999999998,72.71923000000001,Cond_FTS
1500.190643,197.98250000000002,67.81639,Cond_FTS
1500.8494289999999,200.74439999999998,83.39556,Cond_FTS
1501.322403,224.836,83.04588000000001,Cond_FTS
1501.626458,222.9147,82.64655,Cond_FTS
1502.219188,227.7582,76.19275,Cond_FTS
1502.393646,213.7694,78.91038,Cond_FTS
1502.631771,258.793,63.64735,Cond_FTCC
1502.676917,251.7997,79.4267,Cond_FTCC
1503.190042,204.1319,76.57446999999999,Cond_FTCC
1503.3225,216.7922,80.93441999999999,Cond_FTCC
1503.5234169999999,373.8524,63.10108,Cond_FTCC
1503.806687,239.0652,78.7232,Cond_FTCC
1504.05045,244.9368,65.10592,Cond_FTCC
1504.202478,257.53340000000003,60.408280000000005,Cond_FTS
1504.560583,198.81369999999998,72.95249,Cond_FTS
1513.669313,375.717,61.4439,Cond_FTCC
1514.343896,383.5002,89.79722,Cond_FTCC
1515.3077289999999,368.2912,55.717940000000006,Cond_FTS
1516.226271,407.556,85.46863,Cond_FTS
1517.0542710000002,254.8694,46.59896,Cond_FTS
1522.464186,237.7973,71.28866,Cond_FTS
1522.8081439999999,245.6917,73.83471999999999,Cond_FTS
1523.053333,241.1494,71.40521,Cond_FTS
1523.132708,251.023,69.31306,Cond_FTS
1525.231728,183.8329,26.008000000000003,Cond_FTS
1525.438103,255.3283,64.38946999999999,Cond_FTS
1525.689457,250.5927,55.666430000000005,Cond_FTS
1525.951915,243.1315,69.83575,Cond_PTS
1526.678125,266.8601,49.52061,Cond_FTS
1527.434573,250.8715,77.14487,Cond_PTS
1528.146475,251.155,80.05409,Cond_PTS
1528.312944,254.2136,85.18901,Cond_PTS
1528.8482210000002,237.0966,89.03390999999999,Cond_PTS
1528.999146,295.8307,62.86681,Cond_PTS
1529.165565,230.3195,82.43969,Cond_PTS
1529.57354,283.44780000000003,53.79311,Cond_FTS
1529.784333,239.0395,71.89513000000001,Cond_FTS
1530.3642009999999,389.0483,88.6124,Cond_PTS
1530.6945,407.8866,87.52596,Cond_FTCC
1530.861188,411.6794,86.03962,Cond_FTCC
1531.057833,325.6064,81.36576,Cond_FTCC
1531.223667,231.1378,87.88557,Cond_FTCC
1531.3038960000001,422.7998,85.73845,Cond_FTCC
1531.725705,223.5398,86.33596999999999,Cond_PTS
1532.363625,233.3561,79.63761,Cond_FTS
1534.551729,237.7766,69.8093,Cond_FTS
1536.605021,236.6697,70.96151,Cond_FTS
1538.940568,202.745,87.24911,Cond_FTS
1551.156208,221.3337,67.7149,Cond_FTS
1551.595614,394.0544,86.07415,Cond_PTCC
1551.63775,228.6559,64.94655999999999,Cond_FTCC
1552.037328,383.4204,59.72813000000001,Cond_PTS
1553.997833,228.14600000000002,67.61074,Cond_FTS
1554.603333,233.1538,60.85463000000001,Cond_FTS
1555.849521,230.9846,62.81762,Cond_FTS
1555.913021,228.2321,67.03893000000001,Cond_FTS
1556.959604,235.4564,70.31815,Cond_FTS
1557.246323,232.9601,73.72131,Cond_FTS
1557.6633960000001,237.7564,59.803000000000004,Cond_FTS
1563.6029999999998,225.8285,65.21143000000001,Cond_FTS
1564.200958,235.8442,70.28341999999999,Cond_FTS
1565.119063,222.8269,69.35693,Cond_FTS
1566.600729,245.0873,60.13559,Cond_FTS
1567.248958,219.0866,71.53919,Cond_FTS
1574.460312,207.945,72.60128,Cond_FTS
1575.255354,212.257,63.67879,Cond_FTS
1577.689521,383.4882,51.06602,Cond_FTS
1586.5518650000001,225.866,85.18349,Cond_FTS
1603.373729,182.1205,61.26595,Cond_FTS
1603.845562,349.4539,23.711170000000003,Cond_FTS
1604.4558539999998,179.04729,59.07702,Cond_FTS
1605.8083960000001,260.19780000000003,69.35239,Cond_FTS
1606.022708,236.9349,67.71814,Cond_FTS
1606.585063,357.2085,50.328759999999996,Cond_FTS
1606.9089060000001,242.8848,60.5008,Cond_FTS
1608.808771,232.7847,69.56924000000001,Cond_FTS
1609.5839999999998,237.2989,64.44979000000001,Cond_FTS
1609.7559789999998,241.7022,68.64935,Cond_FTS
1610.1494380000001,226.1763,71.79234,Cond_FTS
1610.506625,203.09050000000002,75.33331,Cond_FTS
1616.055292,375.3826,82.30575999999999,Cond_FTS
1617.265948,218.9908,74.57096999999999,Cond_FTCC
1617.784531,229.1999,77.8365,Cond_FTCC
1617.961802,229.7016,74.56397,Cond_FTCC
1617.997865,186.1576,89.43670999999999,Cond_FTS
1618.419531,258.0351,61.322309999999995,Cond_FTCC
1618.6948539999999,225.4765,65.88949000000001,Cond_FTS
1618.963563,240.0244,68.06271,Cond_FTS
1619.176396,262.95349999999996,57.43005,Cond_FTS
1619.319271,236.6838,61.8401,Cond_FTS
1619.532417,262.1417,65.02566999999999,Cond_FTS
1619.70175,248.5433,61.79196999999999,Cond_FTS
1619.937229,240.4381,63.01092,Cond_FTS
1620.0510000000002,257.56870000000004,62.10844,Cond_FTS
1620.2109169999999,252.9069,61.67559,Cond_FTS
1620.856146,285.9628,81.68511,Cond_FTS
1621.741688,235.3467,82.52999,Cond_FTS
1625.601958,207.04739999999998,75.09214,Cond_FTS
1625.7025,222.5406,67.4004,Cond_FTS
1633.463229,371.7989,55.25063000000001,Cond_FTS
1633.661999,125.34343,87.91889,Cond_PTCC
1637.515729,312.5401,69.0864,Cond_FTS
1639.76531,438.8622,76.59039,Cond_FTS
1642.365542,226.6518,63.766119999999994,Cond_FTS
1643.778104,239.8755,66.74059,Cond_FTS
1643.9395,235.7209,69.40211,Cond_FTS
1666.638479,399.9298,88.63811,Cond_FTS
1668.1624789999998,418.2057,86.0368,Cond_FTS
1670.948521,206.3741,76.74025999999999,Cond_FTS
1671.041521,248.11700000000002,80.78706,Cond_PTT
1671.5089130000001,227.4435,73.36643000000001,Cond_PTT
1671.591633,253.5883,71.4186,Cond_PTT
1671.613207,221.3724,83.05691,Cond_PTT
1671.677975,232.3061,70.91351,Cond_PTT
1671.745007,239.6764,66.45889,Cond_PTT
1671.964675,427.7805,45.26287,Cond_FTS
1674.440111,267.4927,88.21795,Cond_FTCC
1675.169938,107.5377,79.65911,Cond_FTCC
1675.7032470000001,259.0695,85.73304,Cond_FTCC
1676.7920000000001,311.9017,55.85395,Cond_FTCC
1676.800021,429.8425,86.54065,Cond_FTCC
1678.1922120000002,431.0623,73.19296,Cond_PTT
1678.8756879999999,236.8741,79.42786,Cond_FTS
1679.5912289999999,216.3295,77.94868000000001,Cond_FTS
1680.2250629999999,234.8771,87.12501999999999,Cond_FTS
1680.547854,254.8233,83.72652,Cond_FTS
1681.4130420000001,227.4885,85.11624,Cond_FTS
1682.6671670000003,238.4665,89.90913,Cond_FTS
1684.2149789999999,338.1856,56.11095,Cond_FTCC
1684.453104,84.604104,86.76026,Cond_FTCC
1685.252146,412.7916,84.95671,Cond_FTS
1689.25075,378.3731,54.69634,Cond_FTS
1690.619005,248.7679,84.0638,Cond_FTCC
1690.857776,398.82099999999997,87.42796,Cond_FTCC
1690.933859,196.22719999999998,83.43196999999999,Cond_FTCC
1691.52652,393.6929,84.90572,Cond_FTCC
1691.5441870000002,162.30509,73.74678,Cond_FTCC
1691.67946,200.3212,79.57269000000001,Cond_FTCC
1692.4358489999997,377.1756,86.02202,Cond_PTS
1692.928771,396.6611,85.81096,Cond_FTS
1693.338875,182.7193,78.19655,Cond_FTS
1693.697313,173.49385,75.92356,Cond_FTS
1693.9156670000002,167.84962000000002,75.35265,Cond_FTS
1694.413083,170.05513000000002,77.09701,Cond_FTCC
1694.5710199999999,412.3023,87.17045999999999,Cond_FTCC
1695.2703329999997,172.47283,71.65673000000001,Cond_FTS
1696.2995629999998,382.4031,89.5715,Cond_FTCC
1696.8049170000002,338.1563,71.27135,Cond_FTCC
1697.2370629999998,416.2843,78.27274,Cond_FTCC
1697.469021,224.6818,87.03522,Cond_FTCC
1697.717729,398.6008,88.61169,Cond_FTCC
1699.339625,207.22570000000002,83.02806,Cond_FTCC
1699.421646,210.6425,80.16842,Cond_FTCC
1699.8586649999997,412.8372,85.35305,Cond_FTCC
1699.9528649999997,397.6619,78.10565,Cond_PTCC
1700.419125,415.4017,84.07551,Cond_FTCC
1700.5218989999998,411.6087,75.21956999999999,Cond_PTCC
1701.268979,410.5965,77.33116,Cond_FTCC
1703.681979,276.5452,50.656729999999996,Cond_FTCC
1705.7854170000003,394.6412,89.19275999999999,Cond_FTCC
1708.1904789999999,206.5746,80.5827,Cond_FTCC
1710.5597710000002,377.3354,55.015930000000004,Cond_FTS
1711.3654789999998,208.6811,87.47688000000001,Cond_FTCC
1712.0096879999999,307.0144,53.64779,Cond_FTS
1712.393434,194.2055,78.20158,Cond_FTS
1718.217302,423.3925,81.63221,Cond_FTS
1718.3839899999998,420.7277,82.96924,Cond_FTS
1718.847607,423.0931,88.36882,Cond_PTS
1719.1853230000002,431.711,76.70158,Cond_FTS
1722.488411,417.7004,85.48917,Cond_PTS
1723.3604480000001,237.3592,87.4522,Cond_FTCC
1724.7670100000003,248.7032,83.95026,Cond_FTCC
1727.325531,343.1447,63.28312,Cond_FTCC
1727.680073,197.5765,28.13642,Cond_FTCC
1728.40498,185.72750000000002,82.01052,Cond_PTS
1729.046365,424.7183,79.67551999999999,Cond_FTCC
1729.878675,346.4391,76.04581,Cond_FTCC
1730.9922550000001,230.4747,79.58585,Cond_FTS
1732.640506,192.41140000000001,83.99216,Cond_FTS
1739.7378850000002,233.2114,78.43684,Cond_FTS
1740.7615030000002,167.70242,89.07198000000001,Cond_PTS
1741.2804059999999,215.08100000000002,82.86105,Cond_FTS
1743.1220690000002,189.091,87.73691,Cond_FTCC
1743.1986350000002,393.1131,88.54913,Cond_FTCC
1743.682823,386.405,89.18092,Cond_FTS
1744.4474690000002,392.07099999999997,83.97245,Cond_FTS
1746.159323,299.9817,59.782709999999994,Cond_FTS
1747.214927,306.3435,71.94901,Cond_FTCC
1747.249323,248.1081,76.97801,Cond_FTCC
1747.662428,349.6623,58.558119999999995,Cond_FTCC
1748.257385,271.8193,81.32309000000001,Cond_FTS
1748.75618,341.153,27.6032,Cond_FTCC
1748.804745,401.1065,89.68725,Cond_FTCC
1748.933546,314.2175,49.85992,Cond_FTCC
1749.4132809999999,315.7099,58.24194,Cond_FTS
1750.061082,409.9087,84.09535,Cond_FTCC
1750.0737510000001,273.48159999999996,81.68295,Cond_FTCC
1750.421344,420.8907,87.16467,Cond_FTS
1751.6529690000002,306.54110000000003,67.72372,Cond_FTS
1752.1027600000002,258.95799999999997,52.688140000000004,Cond_FTS
1763.931473,152.71857,36.06065,Cond_FTS
1782.9180079999999,421.0185,52.969190000000005,Cond_FTS
1790.328635,98.81926,21.396539999999998,Cond_FTS
1796.500313,209.9685,86.7571,Cond_FTCC
1797.389312,210.004,76.81398,Cond_FTCC
1805.231615,255.9438,74.32287,Cond_FTS
1805.800469,243.1063,79.30766,Cond_FTS
1806.678073,227.6251,51.08848,Cond_FTS
1807.424198,236.1758,58.351169999999996,Cond_FTS
1810.231866,328.5781,56.98944,Cond_FTS
1810.857493,333.6557,68.23307,Cond_FTS
1812.431368,245.0041,79.35893,Cond_FTS
1813.825995,232.1774,77.67116999999999,Cond_FTS
1814.490104,353.2241,65.31958,Cond_FTS
1816.6461350000002,208.5869,69.91292,Cond_FTS
1819.619455,254.6835,61.00298000000001,Cond_FTCC
1820.417545,251.81099999999998,62.85259,Cond_FTCC
1822.587716,262.2954,59.15203,Cond_FTCC
1822.70531,299.0707,45.32442,Cond_FTS
1823.0392539999998,264.23249999999996,63.761469999999996,Cond_FTCC
1823.424781,341.0963,43.93248,Cond_FTS
1824.4257850000001,346.5754,54.30196,Cond_FTS
1824.6994969999998,266.3325,48.318329999999996,Cond_FTS
1825.8360530000002,242.1998,63.40707,Cond_FTS
1826.9022260000002,176.3544,37.43039,Cond_FTS
1827.7275730000001,399.3177,78.63691,Cond_FTS
1827.973635,406.5454,79.33075,Cond_FTS
1828.771287,201.9054,87.30224,Cond_FTS
1829.2019100000002,225.68,82.72043000000001,Cond_FTS
1832.943474,243.5629,81.91694,Cond_FTS
1834.203469,207.39440000000002,74.13643,Cond_FTCC
1834.244153,271.15819999999997,77.22507,Cond_FTCC
1834.645323,278.90369999999996,79.4606,Cond_FTS
1835.96824,275.9166,71.02803,Cond_FTS
1837.5022940000001,253.1319,60.5374,Cond_FTCC
1837.653691,252.5496,53.603530000000006,Cond_FTCC
1837.835463,266.073,59.92681999999999,Cond_FTCC
1838.020111,241.751,58.4464,Cond_FTCC
1838.2586820000001,255.8877,52.6646,Cond_FTCC
1839.102041,250.3826,62.10005,Cond_FTCC
1839.2465079999997,254.6355,56.73223,Cond_FTCC
1839.532823,239.2848,62.716809999999995,Cond_FTCC
1840.042254,259.45230000000004,55.69758,Cond_FTCC
1840.144414,263.09360000000004,47.64821,Cond_FTCC
1840.2387780000001,268.21860000000004,53.53264,Cond_FTCC
1840.3952329999997,272.0488,55.998740000000005,Cond_FTCC
1840.5317719999998,256.994,55.96585,Cond_FTCC
1840.720981,269.2222,55.25342,Cond_FTCC
1840.8548460000002,280.51329999999996,45.156000000000006,Cond_FTCC
1840.982407,261.7045,53.29699,Cond_FTCC
1841.130591,256.6127,52.56944,Cond_FTCC
1841.4063260000003,274.8597,46.89781,Cond_FTCC
1841.509428,269.7369,48.62591,Cond_FTCC
1841.624548,264.21860000000004,44.783229999999996,Cond_FTCC
1841.8013600000002,294.6104,37.097159999999995,Cond_FTCC
1841.9188329999997,272.9326,46.16706,Cond_FTCC
1842.165568,265.0653,44.30273,Cond_FTCC
1842.253843,257.41589999999997,54.007630000000006,Cond_FTCC
1842.38079,248.8565,62.19875,Cond_FTCC
1842.467095,270.0439,53.721759999999996,Cond_FTCC
1842.636372,263.2739,51.1139,Cond_FTCC
1842.750306,266.7424,47.16389,Cond_FTCC
1842.8506260000001,268.8768,49.19538,Cond_FTCC
1842.965432,285.5913,45.81021,Cond_FTCC
1843.0790949999998,267.291,48.82257,Cond_FTCC
1843.1986140000001,259.9164,56.288540000000005,Cond_FTCC
1843.3372149999998,269.0199,48.318940000000005,Cond_FTCC
1843.474745,279.8356,46.287440000000004,Cond_FTCC
1843.604936,279.7568,46.709740000000004,Cond_FTCC
1843.832339,287.38829999999996,53.334740000000004,Cond_FTCC
1844.0229160000001,283.5058,49.54379,Cond_FTCC
1844.31772,290.3823,52.604169999999996,Cond_FTCC
1844.4287969999998,280.52049999999997,46.04257,Cond_FTCC
1844.766109,272.82640000000004,57.848659999999995,Cond_FTCC
1844.843997,269.6127,56.75219,Cond_FTCC
1845.0192710000001,260.0347,56.08625,Cond_FTCC
1845.206764,269.4469,57.436730000000004,Cond_FTCC
1845.440971,263.7797,56.74684,Cond_FTCC
1845.6133079999997,254.003,58.50795,Cond_FTCC
1845.839043,252.6296,57.346880000000006,Cond_FTCC
1845.9558149999998,260.86469999999997,52.483219999999996,Cond_FTCC
1846.216969,246.4769,57.205459999999995,Cond_FTCC
1846.341323,257.6231,56.68829,Cond_FTCC
1846.4550940000001,267.42539999999997,50.76218,Cond_FTCC
1846.624427,255.822,55.96793,Cond_FTCC
1846.848073,256.35310000000004,58.183980000000005,Cond_FTCC
1846.918115,255.0999,57.739259999999994,Cond_FTCC
1847.0001350000002,253.9947,55.25611,Cond_FTCC
1847.0980309999998,256.14840000000004,59.2275,Cond_FTCC
1847.2609350000002,243.5092,63.75056,Cond_FTCC
1847.363764,243.9247,58.99508,Cond_FTCC
1847.5935829999999,240.7809,59.564519999999995,Cond_FTCC
1847.6948539999999,243.2206,59.595969999999994,Cond_FTCC
1856.353907,421.8481,89.83629,Cond_FTS
1856.961286,299.2326,76.65151999999999,Cond_FTS
1857.863232,242.3691,77.07903,Cond_FTS
1868.027206,255.3208,85.23859,Cond_PTS
1868.3282989999998,223.4924,73.38624,Cond_PTS
1868.6841350000002,221.3633,66.03676999999999,Cond_FTS
1869.1576710000002,129.20174,43.38939,Cond_FTS
1869.4842489999999,113.68153000000001,52.224270000000004,Cond_PTS
1885.3913850000001,197.04219999999998,72.70251,Cond_FTS
1885.9787600000002,322.33590000000004,61.674240000000005,Cond_FTS
1886.447073,202.1353,69.60976,Cond_FTS
1886.589948,188.13330000000002,64.63937,Cond_FTS
1905.475177,224.9364,78.18193000000001,Cond_FTS
1911.311885,200.91559999999998,71.38965,Cond_FTS
1911.859573,256.9146,79.60619,Cond_FTS
1912.9311030000001,231.0957,64.30056,Cond_FTS
1913.351156,236.8428,80.84966999999999,Cond_FTS
1913.922656,228.1395,81.25673,Cond_FTS
1914.115802,242.8555,82.45091,Cond_FTS
1918.517404,168.27718,82.03729,Cond_FTS
1922.369678,136.67958,34.6191,Cond_FTS
1922.584688,116.68796,25.59919,Cond_FTS
1923.251459,387.1229,52.21418,Cond_FTS
1924.0894690000002,201.8161,63.57159,Cond_FTS
1927.531698,147.71710000000002,18.59361,Cond_FTS
1927.708969,244.9046,49.27155,Cond_FTS
1928.8704899999998,130.87369,9.237254,Cond_FTS
1929.640427,410.0099,29.52764,Cond_FTS
1930.6775940000002,144.42104,29.337229999999998,Cond_FTS
1932.7678019999998,206.4736,38.849109999999996,Cond_FTS
1932.955657,235.2171,46.17954,Cond_FTS
1933.8737609999998,435.07599999999996,5.772998,Cond_FTS
1933.958427,171.53806,11.03481,Cond_FTS
1935.511532,253.5768,71.95441,Cond_FTS
1936.085677,257.9229,88.53823,Cond_FTS
1936.241782,257.9524,89.06871,Cond_FTS
1936.6730519999999,417.0563,87.55619,Cond_FTS
1937.1096149999998,321.1834,25.2147,Cond_FTS
1937.3794899999998,226.0684,61.78941,Cond_FTS
1937.498552,238.274,66.88763,Cond_FTS
1937.588511,247.9776,70.31754000000001,Cond_FTS
1938.6355,231.6097,80.90453000000001,Cond_FTS
1940.035341,110.51066,21.13547,Cond_FTS
1941.049261,246.8189,72.37213,Cond_FTS
1942.226657,259.9665,57.01735,Cond_FTS
1942.594427,251.3259,68.53803,Cond_FTS
1942.7452399999997,240.2892,58.60491999999999,Cond_FTS
1942.922511,242.8741,63.95371,Cond_FTS
1943.3746260000003,239.244,65.24893,Cond_FTS
1943.957032,246.8225,73.30289,Cond_FTS
1944.036407,248.0021,71.828,Cond_FTS
1945.113261,247.0611,64.79975999999999,Cond_FTS
1946.803948,234.4021,80.58614,Cond_FTS
1949.103177,246.5682,80.60933,Cond_FTS
1949.960427,216.80100000000002,75.38438000000001,Cond_FTS
1950.325552,227.4073,71.55714,Cond_FTS
1950.5689690000002,211.8612,66.91351,Cond_FTS
1950.717136,210.1137,68.42702,Cond_FTS
1951.0134690000002,216.9392,66.04955,Cond_FTS
1951.431511,219.7492,73.5224,Cond_FTCC
1951.7057579999998,204.6248,69.93212,Cond_FTS
1952.00293,208.0715,70.95344,Cond_FTS
1952.237541,220.2628,71.01545,Cond_FTCC
1952.513859,226.8736,73.21046,Cond_FTCC
1952.7332609999999,383.7486,56.38636999999999,Cond_FTCC
1953.167177,209.8667,77.4132,Cond_FTCC
1953.384136,213.6409,77.78007,Cond_FTS
1953.743969,205.373,70.97599,Cond_FTS
1954.106448,245.3571,81.4204,Cond_FTS
1954.754677,247.7504,84.63944000000001,Cond_FTCC
1954.843052,420.154,25.1592,Cond_FTCC
1954.900198,247.4298,76.0756,Cond_FTCC
1955.06424,224.8071,76.14086999999999,Cond_FTCC
1955.305011,228.1193,78.16448000000001,Cond_FTS
1955.462127,259.2052,79.91141,Cond_FTS
1955.6383859999999,232.543,76.1857,Cond_FTS
1955.887032,217.686,82.12638000000001,Cond_FTCC
1956.426636,208.2315,88.5849,Cond_FTS
1956.658639,208.2888,74.31915,Cond_FTS
1956.934844,211.5918,75.95597,Cond_FTS
1957.548677,222.75799999999998,70.96356999999999,Cond_FTCC
1957.997252,232.2768,76.09319,Cond_FTCC
1958.0937190000002,237.5135,74.07838000000001,Cond_FTCC
1958.2445309999998,231.4056,68.30463,Cond_FTCC
1958.294425,351.3069,45.55066,Cond_FTCC
1958.3413469999998,344.4115,45.39911,Cond_FTCC
1958.4221579999999,354.8811,45.760709999999996,Cond_FTCC
1959.117656,240.3921,82.43659,Cond_FTS
1959.281698,240.5589,80.00137,Cond_FTS
1959.7500109999999,243.2361,75.13932,Cond_FTS
1960.3198929999999,230.8507,70.17262,Cond_FTS
1960.497154,219.6164,64.63922,Cond_FTS
1961.4354059999998,212.418,73.0338,Cond_FTS
1963.036503,276.0935,59.57581,Cond_FTS
1966.034299,201.212,65.44788,Cond_FTS
1966.496886,225.4377,75.24001,Cond_FTS
1968.613552,243.2913,73.36666,Cond_FTS
1970.201052,82.146494,87.05717,Cond_FTS
1970.783136,352.3899,27.55122,Cond_FTS
1972.478259,432.9835,49.3303,Cond_FTCC
1974.963552,236.5726,71.81254,Cond_FTCC
1975.1249480000001,317.72040000000004,55.516630000000006,Cond_FTCC
1975.294281,338.0289,20.92215,Cond_FTS
1975.9530940000002,362.7728,49.31472,Cond_FTS
1976.267948,344.4167,67.66717,Cond_FTS
1977.204573,146.99863,63.98303000000001,Cond_FTS
1978.4216559999998,323.40819999999997,50.57391,Cond_FTS
1981.0279030000002,322.3798,47.99454,Cond_FTS
1981.296402,240.373,76.66724,Cond_FTS
1982.054974,229.8583,75.9874,Cond_FTS
1982.6893850000001,243.5985,67.97713,Cond_FTS
1983.501719,238.0721,80.19151,Cond_FTS
1987.672607,221.1559,84.74318000000001,Cond_FTCC
1987.992676,338.7081,41.33915,Cond_FTCC
1995.4486769999999,247.7447,82.18562,Cond_FTS
1995.766177,259.71889999999996,65.20551999999999,Cond_FTS
1996.022823,249.0556,66.29188,Cond_FTS
1996.909177,229.149,74.55423,Cond_FTS
1997.0414690000002,227.5857,76.71124,Cond_FTS
1997.4912600000002,236.7805,69.72742,Cond_FTS
1997.5838649999998,239.7554,74.46200999999999,Cond_FTS
1998.10774,247.9506,70.32597,Cond_FTS
1998.8088850000001,241.8917,77.52764,Cond_FTS
1999.2454480000001,244.2563,67.97721,Cond_FTS
2000.3784829999997,339.6628,37.8191,Cond_FTS
2004.359823,139.36983,30.50474,Cond_FTS
2006.519446,261.0272,50.24263,Cond_FTS
2010.1203850000002,245.5034,75.14916,Cond_FTCC
2017.065444,337.4102,39.64389,Cond_PTCC
2017.722367,367.32,30.50354,Cond_PTCC
2017.8195030000002,360.0565,38.30878,Cond_PTCC
2017.872838,414.0151,77.19514000000001,Cond_FTCC
2017.9761059999998,363.5169,29.03182,Cond_PTCC
2018.323156,352.3617,55.840469999999996,Cond_FTCC
2018.6380100000001,328.90459999999996,56.69571,Cond_FTCC
2018.6606420000003,418.9088,82.79346,Cond_FTCC
2018.706802,332.637,55.22006999999999,Cond_FTCC
2019.5460489999998,392.3672,59.97578000000001,Cond_PTT
2019.5720469999999,238.1327,79.65608,Cond_FTS
2019.995323,251.511,88.96333,Cond_FTS
2020.106448,424.9952,88.52937,Cond_FTS
2022.256031,330.1259,44.49605,Cond_FTS
2024.5276350000001,256.0407,75.86295,Cond_FTS
2024.876412,331.78700000000003,46.85069,Cond_FTS
2025.538344,330.4945,50.306670000000004,Cond_FTCC
2025.9061149999998,326.413,52.54684,Cond_FTCC
2025.9689079999998,412.647,87.05121,Cond_FTCC
2026.3558679999999,412.0472,86.45325,Cond_PTCC
2026.5328670000001,357.567,36.71244,Cond_PTCC
2026.6636039999999,344.244,36.57781,Cond_PTCC
2026.857248,351.014,41.949220000000004,Cond_PTT
2027.1205519999999,219.8115,78.25506999999999,Cond_FTS
2027.4512809999999,344.7204,50.97237,Cond_FTS
2027.79524,297.0795,59.504569999999994,Cond_FTS
2028.057615,359.3803,47.13029,Cond_FTS
2028.4358170000003,363.1413,46.76475,Cond_PTT
2028.591948,426.3065,88.61098,Cond_FTCC
2028.6820329999998,260.5395,78.07924,Cond_PTCC
2029.18465,252.0457,56.42485,Cond_FTCC
2029.365061,80.306737,87.66506,Cond_PTCC
2029.528573,266.1803,81.63271,Cond_FTCC
2029.5391559999998,336.4596,66.73662,Cond_FTCC
2029.54974,296.5108,49.89298,Cond_FTCC
2030.9229269999998,140.26492,19.281779999999998,Cond_FTS
2031.811927,264.09770000000003,52.97213000000001,Cond_FTS
2032.226688,244.4293,71.13438000000001,Cond_FTS
2033.0792809999998,83.456287,87.47327,Cond_FTS
2033.3861980000001,267.0274,62.88553,Cond_FTS
2033.8783230000001,240.2053,84.69029,Cond_FTS
2034.6991879999998,337.1308,52.03289,Cond_FTS
2035.209177,365.1634,41.28383,Cond_FTS
2035.6563230000002,377.53700000000003,55.40981,Cond_FTCC
2035.729052,317.2414,57.9199,Cond_FTCC
2035.75951,370.8374,51.53548,Cond_FTCC
2036.3257190000002,321.4978,60.494859999999996,Cond_FTS
2036.80714,354.2184,31.096829999999997,Cond_FTCC
2036.903261,397.5028,28.92884,Cond_FTCC
2037.0938859999999,383.2448,35.247409999999995,Cond_FTCC
2037.182516,407.5413,30.69496,Cond_FTCC
2037.220761,398.8351,14.81396,Cond_FTCC
2037.3133649999997,300.9527,31.47768,Cond_FTCC
2037.396272,398.5559,39.05,Cond_FTCC
2037.427136,334.2491,13.932789999999999,Cond_FTCC
2037.6568539999998,369.4766,54.03561,Cond_FTCC
2037.706348,416.8484,85.36180999999999,Cond_FTCC
2037.9690620000001,387.0565,51.560790000000004,Cond_FTCC
2038.9691870000001,178.32441999999998,88.12753000000001,Cond_FTCC
2039.1011059999998,232.8996,79.77927,Cond_FTCC
2039.955229,266.1237,81.36823000000001,Cond_FTS
2040.182771,262.84799999999996,73.53671,Cond_FTS
2040.828354,226.3463,76.43027,Cond_FTCC
2041.1787100000001,239.4091,73.41641,Cond_FTS
2041.6114350000003,267.69079999999997,80.8165,Cond_FTS
2041.697459,266.1711,78.41501,Cond_FTS
2041.968564,272.8402,82.29525,Cond_FTS
2043.091621,380.1063,46.22647,Cond_FTS
2043.7542079999998,267.9764,83.00553000000001,Cond_FTCC
2043.897581,193.7834,86.28251,Cond_FTCC
2044.0018519999999,248.3836,82.66861,Cond_FTCC
2044.9455070000001,382.8791,45.19982,Cond_FTCC
2045.4850210000002,200.9672,76.10365,Cond_FTCC
2046.3211039999999,401.6303,47.40234,Cond_FTCC
2047.270754,142.4484,48.57188,Cond_FTCC
2047.5346760000002,349.2458,64.04642,Cond_FTCC
2047.601688,220.2876,88.79463,Cond_FTCC
2047.845104,220.5706,87.3119,Cond_FTCC
2048.1573129999997,359.7481,72.64748,Cond_FTCC
2048.268438,347.3857,57.36538,Cond_FTCC
2048.543604,360.2942,53.97733,Cond_FTCC
2048.6445559999997,341.0594,73.79635999999999,Cond_FTCC
2048.647689,411.1191,43.82874,Cond_FTCC
2048.938462,369.2289,58.217369999999995,Cond_FTCC
2048.95624,418.5702,52.34891,Cond_FTCC
2049.034729,284.163,83.61842,Cond_FTCC
2049.168021,279.3032,78.04524,Cond_FTCC
2049.379688,272.7594,83.68777,Cond_FTCC
2049.7289379999997,331.1807,44.853190000000005,Cond_FTCC
2050.450701,309.5011,41.59581,Cond_FTS
2050.912097,84.441249,34.334509999999995,Cond_FTS
2052.423948,281.3521,69.61156,Cond_FTS
2055.259661,234.6361,75.87534000000001,Cond_FTS
2055.7878960000003,252.7203,82.21835,Cond_FTS
2056.015437,244.6839,87.48755,Cond_FTS
2056.242979,261.4749,83.98732,Cond_FTS
2056.884729,242.2164,85.63376,Cond_FTS
2057.022313,419.3689,89.94193,Cond_FTS
2057.345104,237.9468,65.89220999999999,Cond_FTS
2057.5356039999997,234.8994,64.41515,Cond_FTS
2057.592741,216.6639,80.82763,Cond_FTCC
2057.684225,224.0338,81.79581,Cond_FTCC
2057.837814,226.9241,79.41769000000001,Cond_FTCC
2058.082852,418.0367,88.63703000000001,Cond_FTCC
2058.465937,229.032,72.95141,Cond_FTCC
2058.626694,229.1035,81.1964,Cond_FTCC
2058.642521,234.0439,53.603159999999995,Cond_FTCC
2058.779928,361.0309,50.63933,Cond_FTCC
2058.855762,235.0279,64.10001,Cond_FTCC
2059.096889,236.3806,41.52169,Cond_FTCC
2059.4618379999997,260.57140000000004,68.79,Cond_FTCC
2059.550239,255.3607,74.11813000000001,Cond_FTCC
2059.816313,258.1518,78.88646999999999,Cond_FTS
2060.271396,242.4695,80.28684,Cond_FTS
2060.847326,240.8138,76.92101,Cond_FTCC
2061.10626,275.13239999999996,71.2793,Cond_FTCC
2061.271521,242.4881,79.63148000000001,Cond_FTCC
2061.599604,256.80330000000004,76.61291,Cond_FTCC
2062.2046379999997,328.58000000000004,44.40976,Cond_FTCC
2062.6623670000004,317.83349999999996,46.6102,Cond_FTCC
2062.850221,313.6585,49.79016,Cond_FTCC
2062.9510210000003,386.3247,62.652359999999994,Cond_FTCC
2063.014263,307.9345,56.71836999999999,Cond_FTCC
2063.318569,258.0566,66.05072,Cond_FTCC
2063.4504690000003,363.0724,31.88754,Cond_FTCC
2063.516684,252.0703,85.67426,Cond_FTCC
2063.6700730000002,348.5416,38.71405,Cond_FTCC
2063.797073,245.0899,52.10921,Cond_FTCC
2063.9002600000003,265.19169999999997,49.91648,Cond_FTCC
2063.933769,378.1691,30.370279999999998,Cond_FTCC
2063.987573,274.5448,51.79203,Cond_FTCC
2064.0643019999998,266.4413,55.16199,Cond_FTCC
2064.137098,266.72270000000003,67.38603,Cond_FTCC
2064.3477629999998,292.9855,54.897130000000004,Cond_FTCC
2064.567367,317.73400000000004,52.013009999999994,Cond_FTCC
2064.7234710000002,344.4376,41.4273,Cond_FTCC
2065.06743,307.3011,53.5805,Cond_FTCC
2065.387575,335.5754,42.09174,Cond_FTCC
2065.5992420000002,367.0456,46.51729,Cond_FTCC
2065.813555,351.0395,46.04095,Cond_FTCC
2065.8181879999997,431.7835,61.92706999999999,Cond_FTCC
2065.9167420000003,341.365,47.49859,Cond_FTCC
2066.0067,339.3528,44.779990000000005,Cond_FTCC
2066.104596,332.2617,43.51679,Cond_FTCC
2066.221013,297.2111,56.57605,Cond_FTCC
2066.398284,307.3935,58.0886,Cond_FTCC
2066.594075,265.88149999999996,66.3069,Cond_FTCC
2066.7237210000003,266.1939,62.31136,Cond_FTCC
2067.064738,256.94870000000003,89.43994,Cond_PTCC
2067.959883,412.2134,87.50249000000001,Cond_PTCC
2068.7497710000002,229.2791,89.53458,Cond_FTCC
2068.858656,413.7594,76.28869,Cond_FTCC
2068.924396,406.3382,88.44436999999999,Cond_FTCC
2069.660596,221.8308,79.65873,Cond_FTCC
2069.840396,232.7708,78.81506999999999,Cond_FTCC
2070.8089800000002,412.4218,80.43558,Cond_PTCC
2071.427804,412.4088,87.77207,Cond_FTCC
2071.580813,404.7523,86.81971,Cond_FTCC
2071.988271,223.3134,86.10519000000001,Cond_FTCC
2072.353396,221.0111,84.46669,Cond_FTCC
2072.354054,143.96281,20.29726,Cond_FTCC
2072.559771,403.4082,86.87884,Cond_FTCC
2072.655679,242.8313,80.64631999999999,Cond_FTCC
2072.708596,323.2278,33.98985,Cond_FTCC
2072.989054,369.89099999999996,23.05471,Cond_FTCC
2073.073063,225.1079,83.36904,Cond_FTCC
2073.655804,233.9754,60.166669999999996,Cond_FTCC
2073.8039710000003,232.9501,80.63769,Cond_FTCC
2073.840354,419.2775,83.57439000000001,Cond_FTCC
2074.268979,228.9017,83.48218,Cond_FTCC
2074.531575,275.1518,89.61269,Cond_FTCC
2074.750521,272.6207,69.4683,Cond_FTCC
2075.124241,222.8108,74.97551,Cond_FTCC
2075.279688,229.7311,77.71746,Cond_FTCC
2075.570729,224.3334,73.6555,Cond_FTCC
2075.851188,230.7191,78.61665,Cond_FTCC
2076.1898539999997,236.0749,86.35179000000001,Cond_FTCC
2076.375063,226.7271,73.34204,Cond_FTCC
2076.496771,239.6431,72.96989,Cond_FTCC
2076.851313,228.0335,80.24651999999999,Cond_FTCC
2076.971033,236.5861,66.83018,Cond_FTCC
2077.221729,228.9833,67.59266,Cond_FTS
2077.307054,248.2909,70.33351,Cond_FTCC
2077.486313,241.639,78.23096,Cond_FTCC
2077.587512,225.4473,67.0001,Cond_FTCC
2077.775366,222.4221,71.12999,Cond_FTCC
2078.100146,237.9346,79.38573000000001,Cond_FTCC
2078.7298539999997,231.2847,74.86480999999999,Cond_FTCC
2078.993073,235.9939,64.08556999999999,Cond_FTCC
2079.238512,270.753,70.72088000000001,Cond_FTCC
2079.5659379999997,233.9537,64.59503000000001,Cond_FTCC
2079.6750739999998,264.9038,60.305640000000004,Cond_FTCC
2080.089813,237.2954,63.67751,Cond_FTCC
2080.291554,275.2749,59.37235,Cond_FTCC
2080.381512,262.054,66.78401,Cond_FTCC
2080.522365,261.63710000000003,56.86788000000001,Cond_FTCC
2080.8359379999997,236.7204,69.6254,Cond_FTCC
2081.190479,432.7266,87.38976,Cond_FTCC
2081.561553,250.3115,61.3557,Cond_FTCC
2081.809604,237.9364,59.33191,Cond_FTCC
2082.010688,236.6235,69.67399999999999,Cond_FTCC
2082.137688,241.3708,66.55138000000001,Cond_FTCC
2082.259396,246.1367,56.542730000000006,Cond_FTCC
2082.402271,239.1016,67.59274,Cond_FTCC
2082.6178649999997,256.8614,62.72325,Cond_FTCC
2082.85599,266.40459999999996,57.945009999999996,Cond_FTCC
2083.006802,254.3396,51.1521,Cond_FTCC
2083.337532,305.82730000000004,55.20729,Cond_FTCC
2083.533323,281.694,54.86476999999999,Cond_FTCC
2083.751646,238.999,68.80383,Cond_FTCC
2084.083657,271.5654,64.29174,Cond_FTCC
2084.2080109999997,282.9276,58.27477,Cond_FTCC
2084.469948,284.8529,57.86994,Cond_FTCC
2084.578427,280.2572,62.49154,Cond_FTCC
2084.737177,265.7045,64.50491,Cond_FTCC
2084.9250309999998,272.1721,58.5508,Cond_FTCC
2085.006428,254.7926,58.937090000000005,Cond_FTCC
2085.1578649999997,270.2151,62.50755,Cond_FTCC
2085.353656,271.1837,79.59325,Cond_FTCC
2085.639406,263.22159999999997,67.96795999999999,Cond_FTCC
2085.790219,264.43989999999997,69.50549000000001,Cond_FTCC
2086.0283440000003,272.9202,57.640609999999995,Cond_FTCC
2086.093054,418.0102,88.32174,Cond_FTCC
2086.242656,273.0861,62.0826,Cond_FTCC
2086.3610949999998,264.00059999999996,66.05441,Cond_FTCC
2086.477511,256.37919999999997,69.0313,Cond_FTCC
2086.656771,241.5326,81.58031,Cond_FTCC
2086.9319379999997,238.941,83.18305,Cond_FTCC
2087.2567710000003,265.41880000000003,80.40899,Cond_FTCC
2087.417406,253.2208,62.78676,Cond_FTCC
2087.5840940000003,251.4544,71.43504,Cond_FTCC
2087.774594,264.18489999999997,67.2863,Cond_FTCC
2087.8969460000003,247.7974,59.477880000000006,Cond_FTS
2088.068281,283.1414,55.99191999999999,Cond_FTCC
2088.150302,285.25329999999997,56.220380000000006,Cond_FTCC
2088.261427,284.4474,59.496219999999994,Cond_FTCC
2088.369906,269.1001,50.55093,Cond_FTCC
2088.4513030000003,283.807,50.69664,Cond_FTCC
2088.523365,268.312,57.70312,Cond_FTCC
2088.639781,273.4395,55.91283000000001,Cond_FTCC
2088.777365,280.7828,54.99315,Cond_FTCC
2088.967865,292.8451,64.62961999999999,Cond_FTCC
2089.1557190000003,267.4149,63.073840000000004,Cond_FTCC
2089.266844,262.5887,56.74586,Cond_FTCC
2089.362094,276.2427,56.0742,Cond_FTCC
2089.486448,287.975,55.376509999999996,Cond_FTCC
2089.581698,288.43,58.93525,Cond_FTCC
2089.6769480000003,279.47249999999997,59.95896,Cond_FTCC
2089.806594,285.2462,53.92855,Cond_FTCC
2089.885969,285.8219,55.262,Cond_FTCC
2090.0050309999997,268.4471,63.492290000000004,Cond_FTCC
2090.1267399999997,270.3802,52.10331,Cond_FTCC
2090.251094,235.6092,42.942190000000004,Cond_FTCC
2090.398636,279.5875,49.992709999999995,Cond_FTCC
2090.512407,283.37940000000003,49.92088,Cond_FTCC
2090.679719,319.9194,58.0006,Cond_FTCC
2090.690302,232.9214,60.212819999999994,Cond_FTCC
2090.944302,238.9441,51.72295,Cond_FTCC
2091.223384,231.7598,54.89566,Cond_FTCC
2091.362344,238.208,56.06126999999999,Cond_FTCC
2091.613698,237.3449,55.940909999999995,Cond_FTCC
2091.8253649999997,236.4804,61.44036,Cond_FTCC
2092.112479,246.6694,72.42303000000001,Cond_FTCC
2092.253365,272.03290000000004,54.399719999999995,Cond_FTCC
2092.348615,276.41790000000003,53.59929,Cond_FTCC
2092.470845,277.2567,59.08579,Cond_FTCC
2092.616366,272.63,53.45429,Cond_FTCC
2092.756595,277.5553,49.58229,Cond_FTCC
2092.8491989999998,283.3192,51.8259,Cond_FTCC
2093.746137,277.6096,63.84539,Cond_FTCC
2094.211803,270.5874,55.67006,Cond_FTCC
2094.394366,284.01120000000003,45.76616,Cond_FTCC
2094.698637,266.5185,53.74256999999999,Cond_FTCC
2095.0955120000003,258.3881,50.98834,Cond_FTCC
2095.378616,265.5789,47.05257,Cond_FTCC
2095.537366,262.947,53.25558,Cond_FTCC
2095.682887,255.3598,53.0565,Cond_FTCC
2095.965991,270.13,44.20401,Cond_FTCC
2096.1723660000002,277.1189,46.60924,Cond_FTCC
2096.36022,271.3085,47.06859,Cond_FTCC
2096.58247,279.16319999999996,47.09932,Cond_FTCC
2096.80472,268.7317,49.471790000000006,Cond_FTCC
2097.016387,268.9904,45.3808,Cond_FTCC
2097.426491,285.7341,47.125040000000006,Cond_FTCC
2097.646095,276.14779999999996,44.7631,Cond_FTCC
2097.749282,266.44759999999997,44.900659999999995,Cond_FTCC
2097.9794699999998,272.9712,51.61952,Cond_FTCC
2098.053553,280.0837,48.92814,Cond_FTCC
2098.124991,275.9873,46.00338,Cond_FTCC
2098.48747,265.0422,42.873459999999994,Cond_FTCC
2098.834074,270.9361,46.1192,Cond_FTCC
2099.0721989999997,269.9703,50.36399,Cond_FTCC
2099.125116,272.4413,49.96094,Cond_FTCC
2099.196553,281.78970000000004,50.48192,Cond_FTCC
2099.275928,291.11760000000004,47.541990000000006,Cond_FTCC
2099.389699,285.86879999999996,47.26287,Cond_FTCC
2099.543157,276.6749,41.31432,Cond_FTCC
2099.683387,276.9635,36.413070000000005,Cond_FTCC
2099.78922,274.727,39.60935,Cond_FTCC
2099.879178,263.2971,44.3252,Cond_FTCC
2100.0797399999997,283.98040000000003,45.74241,Cond_FTCC
2100.236366,270.102,48.35242,Cond_FTCC
2100.347491,248.5111,39.61432,Cond_FTCC
2100.490366,267.53430000000003,45.6605,Cond_FTCC
2100.55122,280.7058,43.46099,Cond_FTCC
2100.683512,263.4596,51.43391,Cond_FTCC
2100.826387,271.227,54.6771,Cond_FTCC
2100.958678,276.395,48.9046,Cond_FTCC
2101.077741,284.567,41.176359999999995,Cond_FTCC
2101.1994489999997,297.6151,39.60962,Cond_FTCC
2101.3285730000002,294.09119999999996,37.39727,Cond_FTCC
2101.421699,288.808,44.15975,Cond_FTCC
2101.436396,227.2743,71.44295,Cond_FTCC
2101.534948,290.3078,35.18936,Cond_FTCC
2101.7312620000002,256.7569,50.12826,Cond_FTCC
2101.834449,272.9475,46.848890000000004,Cond_FTCC
2101.940282,278.1073,48.55965,Cond_FTCC
2102.051407,278.3322,45.44627,Cond_FTCC
2102.133428,263.11469999999997,46.4352,Cond_FTCC
2102.220741,256.5799,39.517070000000004,Cond_FTCC
2102.32922,250.4021,45.31681,Cond_FTCC
2102.429761,272.82079999999996,48.77473,Cond_FTCC
2102.498553,266.1826,49.030159999999995,Cond_FTCC
2102.567345,257.0239,46.04742,Cond_FTCC
2102.6281989999998,267.2587,44.762209999999996,Cond_FTCC
2102.707574,259.4398,46.933279999999996,Cond_FTCC
2102.792241,270.596,47.25806,Cond_FTCC
2102.892782,257.4065,49.00687,Cond_FTCC
2102.96422,273.9542,49.394859999999994,Cond_FTCC
2103.0409489999997,259.53049999999996,47.787290000000006,Cond_FTCC
2103.125616,266.06219999999996,45.895920000000004,Cond_FTCC
2103.194407,271.98969999999997,41.54175,Cond_FTCC
2103.257907,265.36940000000004,46.1955,Cond_FTCC
2103.353157,263.3641,47.43523,Cond_FTCC
2103.4536989999997,275.59360000000004,47.07298,Cond_FTCC
2103.517199,270.8763,48.14759,Cond_FTCC
2103.572761,265.3648,43.92579,Cond_FTCC
2103.623032,273.21209999999996,47.6328,Cond_FTCC
2103.707699,275.9549,41.521879999999996,Cond_FTCC
2103.792366,270.20820000000003,46.37679,Cond_FTCC
2104.166006,246.5661,42.64472,Cond_FTCC
2104.280704,226.5409,65.40439,Cond_FTCC
2104.4696989999998,270.2056,44.27068,Cond_FTCC
2104.567595,271.4411,39.256809999999994,Cond_FTCC
2104.689303,270.6255,41.79586,Cond_FTCC
2104.800428,266.5047,42.719609999999996,Cond_FTCC
2104.903616,274.36400000000003,44.28516,Cond_FTCC
2105.075595,260.3582,43.54848,Cond_FTCC
2105.15497,268.9083,46.66365,Cond_FTCC
2105.284616,272.23929999999996,41.602779999999996,Cond_FTCC
2105.40897,280.6626,47.95773,Cond_FTCC
2105.50422,274.8947,45.302859999999995,Cond_FTCC
2105.657678,280.42769999999996,41.54336,Cond_FTCC
2105.763511,282.9125,37.14841,Cond_FTCC
2105.871991,302.502,36.62789,Cond_FTCC
2105.930563,423.1314,78.9494,Cond_FTCC
2105.977824,294.0165,32.42368,Cond_FTCC
2106.033386,285.195,47.59642,Cond_FTCC
2106.1485940000002,288.1528,47.65076,Cond_FTCC
2106.275594,296.3259,44.547909999999995,Cond_FTCC
2106.3655519999998,266.6162,48.05743,Cond_FTCC
2106.7689149999997,257.883,60.85228000000001,Cond_FTCC
2106.974094,268.0749,56.26716999999999,Cond_FTCC
2107.158229,228.0268,48.8732,Cond_FTCC
2107.3169789999997,221.743,54.703540000000004,Cond_FTCC
2107.761479,253.7727,80.62809,Cond_FTCC
2108.073324,256.0716,50.20955,Cond_FTCC
2108.2082609999998,256.4927,54.97073,Cond_FTCC
2108.290282,270.00649999999996,47.72348,Cond_FTCC
2108.4225739999997,301.6201,46.80402,Cond_FTCC
2108.5654489999997,284.943,41.42167,Cond_FTCC
2108.644824,277.9008,49.830659999999995,Cond_FTCC
2108.822095,266.9027,51.13004,Cond_FTCC
2108.946449,275.1853,52.38505,Cond_FTCC
2109.036407,265.4869,52.24788,Cond_FTCC
2109.232199,274.91970000000003,47.49078,Cond_FTCC
2109.531178,273.40549999999996,52.679069999999996,Cond_FTCC
2109.637011,278.5866,54.234519999999996,Cond_FTCC
2109.7428449999998,277.4026,56.27731,Cond_FTCC
2109.838095,287.7697,52.555209999999995,Cond_FTCC
2109.930699,280.9414,52.8081,Cond_FTCC
2110.020657,272.7557,64.45044,Cond_FTCC
2110.242907,273.1133,57.92103,Cond_FTCC
2110.340803,265.27750000000003,55.922230000000006,Cond_FTCC
2110.430761,269.7462,52.515,Cond_FTCC
2110.531303,276.096,50.226490000000005,Cond_FTCC
2110.610678,271.3594,54.96937,Cond_FTCC
2110.7085739999998,252.55,43.24601,Cond_FTCC
2110.9625739999997,240.0179,46.92411,Cond_FTCC
2111.071053,262.7362,42.38306,Cond_FTCC
2111.163657,252.199,56.77397,Cond_FTCC
2111.256261,264.0878,50.59724,Cond_FTCC
2111.465282,283.8039,52.793240000000004,Cond_FTCC
2111.594928,285.2146,51.5053,Cond_FTCC
2111.753678,280.0239,53.01934,Cond_FTCC
2111.846282,277.3361,59.31966,Cond_FTCC
2111.923011,279.3867,59.579980000000006,Cond_FTCC
2112.026199,268.84929999999997,56.21897,Cond_FTCC
2112.171719,273.73990000000003,64.81149,Cond_FTCC
2112.2643239999998,269.2341,62.242740000000005,Cond_FTCC
2112.374115,271.5846,48.29465,Cond_FTCC
2112.489219,279.629,63.70718000000001,Cond_FTCC
2112.647969,262.5348,55.42915,Cond_FTCC
2112.76174,280.7783,60.72606999999999,Cond_FTCC
2112.883449,278.1947,48.81085,Cond_FTCC
2113.1242190000003,288.5353,65.01314,Cond_FTCC
2113.343824,279.7175,50.24642,Cond_FTCC
2113.497282,265.45079999999996,69.13938,Cond_FTCC
2113.640157,271.7182,64.62005,Cond_FTCC
2113.745961,277.09400000000005,67.36384,Cond_FTCC
2114.24125,281.3032,55.63146,Cond_FTCC
2114.521219,293.635,58.42743000000001,Cond_FTCC
2114.703782,258.8322,62.01105,Cond_FTCC
2114.836074,270.1181,72.56421999999999,Cond_FTCC
2115.158865,285.5538,54.698190000000004,Cond_FTCC
2115.280574,285.9747,41.91304,Cond_FTCC
2115.404928,289.1299,66.89748,Cond_FTCC
2115.547803,269.82910000000004,53.19915,Cond_FTCC
2115.656282,267.9279,46.80359,Cond_FTCC
2115.730365,276.5643,43.80636,Cond_FTCC
2116.042573,265.8665,45.09636,Cond_FTCC
2116.206615,269.99940000000004,53.32901,Cond_FTCC
2116.900188,246.3321,86.21895,Cond_FTCC
2116.939227,205.8786,85.88519000000001,Cond_FTCC
2117.46649,256.132,46.23794,Cond_FTCC
2117.545865,253.4952,40.90883,Cond_FTCC
2117.683448,259.5662,40.409890000000004,Cond_FTCC
2117.84174,280.9853,41.41684,Cond_FTCC
2117.992553,265.3134,41.802929999999996,Cond_FTCC
2118.119553,281.37829999999997,44.69608,Cond_FTCC
2118.249198,269.8138,42.08591,Cond_FTCC
2118.429115,288.9878,38.64063,Cond_FTCC
2118.529657,268.3008,38.98832,Cond_FTCC
2118.587865,270.88480000000004,44.07489,Cond_FTCC
2118.701636,263.9266,46.55747,Cond_FTCC
2118.7863030000003,263.9463,46.54226,Cond_FTCC
2118.85774,273.559,40.17592,Cond_FTCC
2119.024428,273.298,35.07861,Cond_FTCC
2119.267844,277.97090000000003,37.56539,Cond_FTCC
2119.334354,434.9641,56.957069999999995,Cond_FTCC
2119.577407,285.19960000000003,33.13715,Cond_FTCC
2119.691178,285.14869999999996,40.96668,Cond_FTCC
2119.926657,272.3589,35.18607,Cond_FTCC
2119.982219,271.2046,35.518809999999995,Cond_FTCC
2120.085407,263.1356,47.51895,Cond_FTCC
2120.156844,263.7869,42.02389,Cond_FTCC
2120.212771,220.736,73.86921,Cond_FTCC
2120.3129480000002,266.85299999999995,37.82152,Cond_FTCC
2120.429365,251.0756,43.25161,Cond_FTCC
2120.5219690000004,251.6997,42.153079999999996,Cond_FTCC
2120.614573,264.3487,43.25974,Cond_FTCC
2120.715115,271.20029999999997,41.80793,Cond_FTCC
2120.7786149999997,261.4442,39.06127,Cond_FTCC
2120.8598230000002,88.310929,54.775940000000006,Cond_FTCC
2120.961177,258.73339999999996,38.28821,Cond_FTCC
2121.040552,278.37760000000003,34.70241,Cond_FTCC
2121.178136,267.1127,34.28601,Cond_FTCC
2121.265448,269.801,45.50246,Cond_FTCC
2121.389802,273.1977,49.946220000000004,Cond_FTCC
2121.519448,259.8438,45.94761,Cond_FTCC
2121.624325,281.9972,38.51122,Cond_FTCC
2121.761908,264.26030000000003,39.77973,Cond_FTCC
2121.768521,224.7501,72.18423,Cond_FTCC
2121.927271,255.1183,85.33869,Cond_FTCC
2121.9365329999996,279.9726,38.16681,Cond_FTCC
2122.294677,272.4896,48.12572,Cond_FTCC
2122.371756,102.16605,40.1917,Cond_FTCC
2122.503698,265.9273,48.3448,Cond_FTCC
2122.601594,285.1172,44.64035,Cond_FTCC
2122.694198,283.7575,47.0806,Cond_FTCC
2122.807969,274.2815,44.5543,Cond_FTCC
2122.890354,420.7718,85.7737,Cond_FTCC
2122.892636,277.16020000000003,46.87252,Cond_FTCC
2123.035511,294.7217,45.2952,Cond_FTCC
2123.308032,276.16650000000004,44.95839,Cond_FTCC
2123.411219,279.6219,48.26461,Cond_FTCC
2123.5329269999997,280.0363,49.12956,Cond_FTCC
2123.686386,255.859,50.434309999999996,Cond_FTCC
2123.821323,278.6773,46.437540000000006,Cond_FTCC
2123.8784739999996,143.89641999999998,39.14743,Cond_FTCC
2123.88503,288.7694,44.33952,Cond_FTCC
2124.091198,288.3499,42.41109,Cond_FTCC
2124.202323,283.0145,43.08494,Cond_FTCC
2124.297573,281.4436,43.57331,Cond_FTCC
2124.306437,432.7993,83.75169,Cond_FTCC
2124.408698,284.54200000000003,41.38235,Cond_FTCC
2124.551573,280.9365,42.60776,Cond_FTCC
2124.718261,255.6115,47.38414,Cond_FTCC
2124.847906,248.9502,44.43797,Cond_FTCC
2124.980198,253.2967,46.52615,Cond_FTCC
2125.103595,271.1574,39.52238,Cond_FTCC
2125.250073,277.8579,55.22911,Cond_FTCC
2125.546406,269.7138,56.02714,Cond_FTCC
2125.7157399999996,258.4414,51.12828,Cond_FTCC
2125.868241,258.71979999999996,49.17304,Cond_FTCC
2125.988261,263.2532,47.67112,Cond_FTCC
2126.168177,251.915,51.45369,Cond_FTCC
2126.2660730000002,238.6429,48.9788,Cond_FTCC
2126.450324,273.0435,49.93762,Cond_FTCC
2126.572033,277.66909999999996,52.64706999999999,Cond_FTCC
2126.7836989999996,268.64959999999996,52.65285,Cond_FTCC
2126.946052,250.3768,52.460519999999995,Cond_FTCC
2127.117074,284.677,45.75698,Cond_FTCC
2127.429282,282.4004,48.51342,Cond_FTCC
2127.646241,264.92679999999996,45.40632,Cond_FTCC
2127.715032,268.16650000000004,45.86148,Cond_FTCC
2127.7970530000002,268.8822,45.754709999999996,Cond_FTCC
2127.892303,259.8062,46.0197,Cond_FTCC
2128.037188,434.1114,85.50455,Cond_FTCC
2128.115511,234.4246,63.486880000000006,Cond_FTCC
2128.306011,254.3884,50.42585,Cond_FTCC
2128.369511,255.9513,50.440090000000005,Cond_FTCC
2128.488573,240.3608,53.90212,Cond_FTCC
2128.634094,265.0356,55.13649,Cond_FTCC
2128.7372809999997,260.5153,53.84126,Cond_FTCC
2128.848406,266.121,46.22316,Cond_FTCC
2129.04949,248.0495,49.474270000000004,Cond_FTCC
2129.1500309999997,241.8012,55.81771,Cond_FTCC
2129.2558649999996,245.4855,52.35666,Cond_FTCC
2129.381427,247.8591,58.14853000000001,Cond_FTS
2129.496635,248.7367,53.37582,Cond_FTCC
2129.650094,257.3646,56.7699,Cond_FTCC
2129.790323,265.9341,51.33263,Cond_FTCC
2129.8776350000003,257.70050000000003,51.196709999999996,Cond_FTCC
2130.08401,267.3639,53.89467,Cond_FTCC
2130.21101,272.37739999999997,50.0849,Cond_FTCC
2130.4517809999998,197.91129999999998,49.15739,Cond_FTCC
2130.688949,265.5412,54.028119999999994,Cond_FTCC
2130.853948,193.1087,38.015370000000004,Cond_FTCC
2131.060323,157.23828,27.02601,Cond_FTCC
2131.1264690000003,229.8847,72.064,Cond_FTCC
2131.35401,206.0344,54.3947,Cond_FTCC
2131.649386,312.2735,58.63588000000001,Cond_FTCC
2131.800199,316.0479,52.17133,Cond_FTCC
2132.157386,314.8133,48.40848,Cond_FTCC
2132.307502,198.47719999999998,40.983059999999995,Cond_FTCC
2132.5542609999998,289.67449999999997,52.8111,Cond_FTCC
2132.750053,270.87080000000003,54.1696,Cond_FTCC
2133.128407,285.79859999999996,55.64788000000001,Cond_FTCC
2133.303292,240.2674,50.65678,Cond_FTCC
2133.3754280000003,258.04359999999997,66.9315,Cond_FTCC
2133.4971370000003,260.9607,58.91101999999999,Cond_FTCC
2133.6611780000003,273.2414,56.21499,Cond_FTCC
2133.832198,269.7359,53.47433,Cond_FTCC
2133.9257620000003,275.9812,58.88066,Cond_FTCC
2134.047562,260.23789999999997,65.07845,Cond_FTCC
2134.287386,270.7701,59.47184,Cond_FTCC
2134.4802879999997,258.2953,56.26634,Cond_FTCC
2134.706283,261.2007,60.41968000000001,Cond_FTCC
2134.986003,234.0506,58.65421,Cond_FTCC
2135.169746,255.8758,62.57978000000001,Cond_FTCC
2135.3465739999997,272.2144,52.87656,Cond_FTCC
2135.497387,262.3742,47.79269,Cond_FTCC
2135.623427,230.1533,49.570009999999996,Cond_FTCC
2135.7380239999998,278.3518,51.05891,Cond_FTCC
2136.1345300000003,276.7634,55.465219999999995,Cond_FTCC
2136.166834,155.86527,33.04947,Cond_FTCC
2136.255781,266.2668,54.005919999999996,Cond_FTCC
2136.364949,130.95213999999999,34.10576,Cond_FTCC
2136.4727399999997,276.1216,56.440369999999994,Cond_FTCC
2136.591779,257.735,61.11929,Cond_FTCC
2136.745261,272.80420000000004,57.9508,Cond_FTCC
2136.87226,257.4116,59.16413000000001,Cond_FTCC
2137.0812809999998,285.5815,63.41816,Cond_FTCC
2137.084421,119.33601999999999,39.526920000000004,Cond_FTCC
2137.397234,102.69407,26.09054,Cond_FTCC
2137.740094,329.2505,46.00058,Cond_FTCC
2137.832698,254.0422,64.51984,Cond_FTCC
2138.122053,271.88599999999997,54.67585,Cond_FTCC
2138.500407,264.26419999999996,62.22854,Cond_FTCC
2139.5712710000003,235.8562,63.81149,Cond_FTCC
2139.852428,264.817,73.82124,Cond_FTCC
2139.974136,261.33900000000006,70.13094,Cond_FTCC
2140.1778649999997,258.8108,49.20362,Cond_FTCC
2140.6382399999998,259.0355,57.352740000000004,Cond_FTCC
2141.244136,274.5366,45.46738,Cond_FTCC
2141.534234,258.2056,56.19996999999999,Cond_FTCC
2141.696573,266.70029999999997,39.36169,Cond_FTCC
2141.989082,247.6079,65.40415,Cond_FTCC
2142.199282,247.9875,44.352090000000004,Cond_FTCC
2142.4048980000002,226.3374,60.3305,Cond_FTCC
2142.660363,240.1451,66.29858,Cond_FTCC
2143.082661,263.2252,57.421569999999996,Cond_FTCC
2143.265136,223.7678,43.66395,Cond_FTCC
2144.0862309999998,234.1785,63.021930000000005,Cond_FTCC
2144.263492,237.5005,70.72376,Cond_FTCC
2144.43554,234.6736,66.95061,Cond_FTCC
2144.704885,246.364,46.41626,Cond_FTCC
2145.056781,263.61019999999996,44.27321,Cond_FTCC
2145.839948,244.9119,45.30695,Cond_FTCC
2146.1521559999996,265.2088,42.976929999999996,Cond_FTCC
2146.552245,236.6154,68.37751,Cond_FTCC
2146.78624,251.7324,55.2755,Cond_FTCC
2147.20394,241.2903,63.83099,Cond_FTCC
2147.643979,226.0692,59.37945,Cond_FTCC
2148.18324,236.0096,43.299279999999996,Cond_FTCC
2148.397552,239.9317,39.43046,Cond_FTCC
2148.638323,184.9153,49.60866,Cond_FTCC
2148.802364,322.9694,64.06557,Cond_FTCC
2149.148598,296.4371,64.33046,Cond_FTCC
2149.409275,297.0154,58.327090000000005,Cond_FTCC
2149.727303,299.66179999999997,59.14938000000001,Cond_FTCC
2150.104604,294.32079999999996,59.28635,Cond_FTCC
2150.445427,321.2133,85.12302,Cond_FTCC
